date,day,split,confirmed,infected,removed,seir_confirmed,seir_daily_confirmed,seir_exposed,seir_infected,seir_removed,seir_daily_removed,seir_susceptible
2020-01-22,0.0,fit,548.0,503.0,45.0,548.0,548.0,1415.0050963745289,503.0,45.0,45.0,88209.79490362549
2020-01-23,1.0,fit,643.0,595.0,48.0,1163.164909261997,615.1649092619971,1107.2583918616497,1080.6413213701817,82.52358789181535,37.52358789181535,87902.37669887635
2020-01-24,2.0,fit,920.0,858.0,62.0,1699.873423483195,536.7085142211979,1071.8366446875855,1555.880201850872,143.99322163232304,61.46963374050769,87401.08993182919
2020-01-25,3.0,fit,1406.0,1325.0,81.0,2259.716950039407,559.843526556212,1186.8801336591441,2032.40740343367,227.30954660573695,83.31632497341391,86726.20291630142
2020-01-26,4.0,fit,2075.0,1970.0,105.0,2902.9809790494974,643.2640290100903,1400.3099900343918,2568.9717963539465,334.00918269555063,106.69963608981368,85869.50903091609
2020-01-27,5.0,fit,2877.0,2737.0,140.0,3673.1295180698726,770.1485390203752,1692.8345231611302,3205.277336146301,467.85218192357183,133.8429992280212,84806.83595876898
2020-01-28,6.0,fit,5509.0,5277.0,232.0,4608.304641734485,935.1751236646123,2060.5074891242743,3974.0521558782016,634.2524858562838,166.40030393271195,83503.98786914123
2020-01-29,7.0,fit,6087.0,5834.0,253.0,5746.630754409349,1138.326112674864,2506.211631881443,4906.532436400425,840.0983180089245,205.8458321526407,81919.9576137092
2020-01-30,8.0,fit,8141.0,7835.0,306.0,7128.377184491287,1381.7464300819383,3035.0514497856725,6034.634633760029,1093.7425507312582,253.64423272233375,80009.37136572301
2020-01-31,9.0,fit,9802.0,9375.0,427.0,8796.265762978845,1667.8885784875574,3651.275751996992,7391.219301692911,1405.0464612859328,311.30391055467453,77725.25848502415
2020-02-01,10.0,fit,11891.0,11357.0,534.0,10794.373158007264,1998.107395028419,4355.614588649952,9008.970626906075,1785.4025311011876,380.35606981525484,75022.81225334275
2020-02-02,11.0,fit,16630.0,15806.0,824.0,13165.70149266052,2371.328334653257,5142.580424925261,10918.025586150381,2247.675906510139,462.27337540895155,71864.51808241419
2020-02-03,12.0,fit,19716.0,18677.0,1039.0,15948.38020795996,2782.6787152994402,5997.722205351264,13142.373349065518,2806.0068588944437,558.3309523843045,68226.69758668875
2020-02-04,13.0,fit,23707.0,22373.0,1334.0,19170.551808381664,3222.1716004217033,6895.198087100232,15695.13294883904,3475.418859542626,669.4120006481821,64107.05010451807
2020-02-05,14.0,fit,27440.0,25762.0,1678.0,22844.26549355856,3673.7136851768955,7796.377405055877,18573.078126857126,4271.1873667014315,795.7685071588057,59532.157101385535
2020-02-06,15.0,fit,30587.0,28477.0,2110.0,26959.1226971895,4114.8572036309415,8650.410817072905,21751.172345173785,5207.950352015714,936.7629853142826,54563.26648573757
2020-02-07,16.0,fit,34110.0,31393.0,2717.0,31476.890624294785,4517.767927105284,9397.647290428315,25178.30342536344,6298.5871989313455,1090.6368469156314,49298.26208527688
2020-02-08,17.0,fit,36814.0,33413.0,3401.0,36328.62620919314,4851.735584898357,9976.251445938295,28775.671062343572,7552.955146849571,1254.3679479182256,43867.92234486854
2020-02-09,18.0,fit,39829.0,35705.0,4124.0,41415.79871970292,5087.172510509779,10331.365442231425,32439.15955320421,8976.639166498711,1423.6840196491403,38425.635838065624
2020-02-10,19.0,fit,42354.0,37424.0,4930.0,46616.26271032559,5200.463990622666,10424.947371546807,36046.343271538135,10569.91943878745,1593.280272288739,33131.58991812759
2020-02-11,20.0,fit,44386.0,38638.0,5748.0,51794.764822825215,5178.502112499627,10243.597376321113,39467.59993252389,12327.164890301328,1757.245451513878,28134.437800853648
2020-02-12,21.0,fit,44759.0,38560.0,6199.0,56816.31510684558,5021.550284020363,9801.846850669965,42579.50904054348,14236.806066302093,1909.641176000765,23554.638042484432
2020-02-13,22.0,fit,59895.0,52309.0,7586.0,61559.77693162937,4743.461824783793,9139.697048234844,45277.84400971791,16281.93292191146,2045.1268556093673,19473.326020135763
2020-02-14,23.0,fit,66358.0,56860.0,9498.0,65928.89900353481,4369.12207190544,8315.126056181676,47487.46492468401,18441.434078850798,2159.5011569393373,15928.774940283496
2020-02-15,24.0,fit,68413.0,57452.0,10961.0,69858.80742961093,3929.9084260761156,7393.896412463127,49167.32050624575,20691.486923365184,2250.0528445143864,12920.096157925913
2020-02-16,25.0,fit,70513.0,57992.0,12521.0,73317.33189185522,3458.524462244299,6439.5445126509085,50310.175571505155,23007.156320350077,2315.669396984893,10415.923595493841
2020-02-17,26.0,fit,72434.0,58108.0,14326.0,76301.87042809738,2984.538536242151,5505.828216111718,50937.996347736604,25363.874080360776,2356.717760010699,8365.10135579088
2020-02-18,27.0,fit,74211.0,58002.0,16209.0,78833.33458657301,2531.464158475632,4632.662221718248,51094.699392712915,27738.6351938601,2374.761113499324,6706.803191708703
2020-02-19,28.0,fit,74619.0,56541.0,18078.0,80948.91545901759,2115.5808724445815,3845.3549302413,50838.084243672776,30110.83121534482,2372.1960214847204,5378.529610741073
2020-02-20,29.0,fit,75077.0,54825.0,20252.0,82695.10743364393,1746.1919746263447,3156.215873225393,50232.389034112515,32462.718399531415,2351.887184186595,4321.4766931306385
2020-02-21,30.0,fit,75550.0,54608.0,20942.0,84121.89123383825,1426.7838001943164,2567.4042161610837,49342.319545308805,34779.57168852945,2316.853288998038,3483.504550000621
2020-02-22,31.0,fit,77001.0,51859.0,25142.0,85278.44742873532,1156.5561948970717,2074.0705119482564,48228.84559332348,37049.601835411835,2270.030146882382,2820.2820593163938
2020-02-23,32.0,fit,77022.0,51390.0,25632.0,86210.37951965268,931.9320909173548,1667.1807894231238,46946.66286226629,39263.71665738639,2214.114821974552,2295.239690924159
2020-02-24,33.0,fit,77241.0,49631.0,27610.0,86958.20421012535,747.8246904726693,1335.7359724847615,45543.00711351418,41415.19709661118,2151.4804392247897,1878.859817389854
2020-02-25,34.0,fit,77754.0,47413.0,30341.0,87556.78563757855,598.5814274532022,1068.3332176447022,44057.44338196139,43499.34225561716,2084.1451590059805,1547.6811447767227
2020-02-26,35.0,fit,78166.0,45365.0,32801.0,88035.4005495345,478.6149119559559,854.1476430782556,42522.28015090656,45513.120398627936,2013.7781430107789,1283.2518073872357
2020-02-27,36.0,fit,78600.0,42924.0,35676.0,88418.17632703061,382.77577749610646,683.465574280292,40963.32815462448,47454.84817240613,1941.7277737781915,1071.158098689079
2020-02-28,37.0,fit,78928.0,39809.0,39119.0,88724.71191085724,306.53558382662595,547.9037041331885,39400.80282112625,49323.90908973098,1869.0609173248522,900.1843850095578
2020-02-29,38.0,fit,79356.0,37199.0,42157.0,88970.75408596199,246.04217510475428,440.4282001601395,37850.23940870235,51120.514677259634,1796.6055875286547,761.6177138778478
2020-03-01,39.0,fit,79932.0,34898.0,45034.0,89168.85179126865,198.09770530665992,355.25965108671625,36323.34486325373,52845.50692801492,1724.9922507552837,648.6885576445997
2020-03-02,40.0,fit,80136.0,32368.0,47768.0,89328.94720760519,160.09541633653862,287.72313775483417,34828.749081104485,54500.198126500705,1654.691198485787,556.129654639948
2020-03-03,41.0,fit,80261.0,29864.0,50397.0,89458.88639053184,129.9391829266533,234.0811500606401,33372.64338286005,56086.2430076718,1586.0448811710958,479.8324594074773
2020-03-04,42.0,fit,80386.0,27402.0,52984.0,89564.84689948894,105.96050895709777,191.3712760253968,31959.308874988477,57605.53802450046,1519.2950168286625,416.58182448562974
2020-03-05,43.0,fit,80537.0,25230.0,55307.0,89651.68797216094,86.84107267200307,157.25990469135715,30591.54514665003,59060.14282551091,1454.6048010104496,363.85212314767455
2020-03-06,44.0,fit,80690.0,23702.0,56988.0,89723.23259023062,71.54461806967447,129.91642815046978,29271.01297318762,60452.219617042996,1392.076791532083,319.6509816188864
2020-03-07,45.0,fit,80770.0,22159.0,58611.0,89782.49193043108,59.25934020045679,107.90847381785392,27998.505186629845,61783.98674380122,1331.7671267582264,282.39959575105416
2020-03-08,46.0,fit,80823.0,20335.0,60488.0,89831.84239827399,49.35046784291626,90.1166048706315,26774.158942949547,63057.68345532445,1273.6967115232255,250.84099685534937
2020-03-09,47.0,fit,80860.0,18933.0,61927.0,89873.16436585574,41.32196758175269,75.66600595552956,25597.620953627687,64275.54341222805,1217.8599569036014,223.96962818870475
2020-03-10,48.0,fit,80887.0,17567.0,63320.0,89907.95042372582,34.786057870078366,63.87242886943602,24468.17544518492,65439.7749785409,1164.2315663128538,200.9771474047142
2020-03-11,49.0,fit,80921.0,16116.0,64805.0,89937.3896452691,29.43922154327447,54.199782425864775,23384.842892748868,66552.54675252023,1112.7717739793225,181.21057230499818
2020-03-12,50.0,fit,80932.0,14859.0,66073.0,89962.4330377621,25.043392492996645,46.227088559585184,22346.455892648282,67615.97714511381,1063.430392593582,164.139873678283
2020-03-13,51.0,fit,80945.0,13569.0,67376.0,89983.84442045397,21.411382691876497,39.622818906361374,21351.71736792454,68632.12705252944,1016.1499074156309,149.33276063961955
2020-03-14,52.0,fit,80977.0,12124.0,68853.0,90002.23997136886,18.395550914894557,34.12503370438553,20399.245065519364,69602.9949058495,970.8678533200582,136.43499492671222
2020-03-15,53.0,fit,81003.0,10782.0,70221.0,90018.11901696122,15.879045592359034,29.526026970210978,19487.6054827939,70530.51353416732,927.5186283178191,125.15495606851186
2020-03-16,54.0,fit,81033.0,9904.0,71129.0,90031.88805509753,13.769038136306335,25.660458278832756,18615.339647254234,71416.5484078433,886.034873675977,115.25148662360411
2020-03-17,55.0,fit,81058.0,9028.0,72030.0,90043.87954584729,11.991490749758668,22.3961750211741,17780.982617344023,72262.89692850327,846.3485206599726,106.52427913150191
2020-03-18,56.0,fit,81102.0,8104.0,72998.0,90054.3666527316,10.487106884305831,19.62710637357382,16983.078143800274,73071.28850893132,808.391580428055,98.80624089480345
2020-03-19,57.0,fit,81156.0,7370.0,73786.0,90063.57484790379,9.208195172192063,17.26774962580918,16220.189603711202,73843.38524419258,772.0967352612643,91.95740247036683
2020-03-20,58.0,fit,81250.0,6729.0,74521.0,90071.69107947074,8.116231566949864,15.248882799411327,15490.908057718736,74580.783021752,737.3977775594103,85.86003772980943
2020-03-21,59.0,fit,81305.0,6186.0,75119.0,90078.87104140945,7.179961938716588,13.514220940293274,14793.85808887465,75285.0129525348,704.2299307828071,80.41473765021529
2020-03-22,60.0,fit,81435.0,5796.0,75639.0,90085.24496173434,6.373920324884239,12.017800068599058,14127.701929746674,75957.54303198766,672.5300794528594,75.53723819701872
2020-03-23,61.0,fit,81493.0,5400.0,76093.0,90090.92222899827,5.677267263934482,10.721923922428125,13491.142267893483,76599.77996110478,642.2369291171199,71.15584707926581
2020-03-24,62.0,fit,81587.0,5021.0,76566.0,90095.99510583137,5.072876833102782,9.595546267228663,12882.924032622263,77213.07107320911,613.2911121043289,67.20934790136278
2020-03-25,63.0,fit,81658.0,4595.0,77063.0,90100.5417217947,4.546615963321528,8.612991793042825,12301.83539699838,77798.70632479632,585.6352515872131,63.645286412217054
2020-03-26,64.0,fit,81781.0,4301.0,77480.0,90104.62849532487,4.08677353017265,7.752940839631403,11746.708176970871,78357.920318354,559.2139935576706,60.418563835448516
2020-03-27,65.0,fit,81872.0,3848.0,78024.0,90108.31210172368,3.683606398815755,6.997620360991941,11216.417769191585,78891.8943325321,533.9740141781076,57.49027791526003
2020-03-28,66.0,fit,81964.0,3557.0,78407.0,90111.64107870511,3.3289769814291503,6.332156745296502,10709.882737824468,79401.75834088064,509.864008348537,54.826764549533046
2020-03-29,67.0,fit,82058.0,3163.0,78895.0,90114.65714147418,3.016062769063865,5.74405605515202,10226.064136560486,79888.5930049137,486.83466403305647,52.3988024706014
2020-03-30,68.0,fit,82139.0,2898.0,79241.0,90117.39626407999,2.7391226058098255,5.222784979474094,9763.964633263378,80353.43163081662,464.8386259029212,50.180950940457876
2020-03-31,69.0,fit,83786.0,4257.0,79529.0,90119.88957198299,2.4933079030015506,4.759431674916793,9322.6274900896,80797.2620818934,443.83045107677754,48.15099634202211
2020-04-01,70.0,fit,84002.0,4265.0,79737.0,90122.16408153686,2.2745095538703026,4.346430221715824,8901.135440501343,81221.02864103552,423.7665591421246,46.28948824136102
2020-04-02,71.0,fit,84129.0,4225.0,79904.0,90124.24331488428,2.079233347423724,3.9773359153508734,8498.609495683575,81625.63381920071,404.6051781651913,44.579349200289634
2020-04-03,72.0,fit,84265.0,4157.0,80108.0,90126.14781306386,1.9044981795741478,3.646641343487568,8114.207705828536,82011.94010723532,386.3062880346115,43.00554559257522
2020-04-04,73.0,fit,84363.0,4064.0,80299.0,90127.89556565884,1.7477525949798292,3.349625300682968,7747.123896235368,82380.77166942347,368.8315621881484,41.554809040397785
2020-04-05,74.0,fit,84467.0,3903.0,80564.0,90129.50237177235,1.6068061135156313,3.082228239694377,7396.58639380325,82732.9159779691,352.1443085456267,40.21539998787752
2020-04-06,75.0,fit,84611.0,3940.0,80671.0,90130.98214429259,1.4797725202370202,2.840949245964939,7061.856756034811,83069.12538825777,336.20941028867674,38.97690646138125
2020-04-07,76.0,fit,84692.0,3920.0,80772.0,90132.34716717416,1.365022881567711,2.6227605280273862,6742.2285119314,83390.11865524275,320.99326698498044,37.83007229775549
2020-04-08,77.0,fit,84909.0,3976.0,80933.0,90133.60831366094,1.2611464867804898,2.4250362134672634,6437.0259219836125,83696.58239167732,306.463736434569,36.76665012551612
2020-04-09,78.0,fit,85024.0,3973.0,81051.0,90134.77523190634,1.1669182454061229,2.2454928768246174,6145.602762726169,83989.17246918018,292.59007750285673,35.77927521674576
2020-04-10,79.0,fit,85115.0,3951.0,81164.0,90135.85650345236,1.0812715460197069,2.0821396659430653,5867.341139840339,84268.51536361202,279.3428944318439,34.861356881618455
2020-04-11,80.0,fit,85208.0,3952.0,81256.0,90136.8597786631,1.0032752107363194,1.9332364553486256,5601.650332981612,84535.20944568148,266.6940820694581,34.006984881475574
2020-04-12,81.0,fit,85377.0,4040.0,81337.0,90137.79189302618,0.9321143630804727,1.7972585044599292,5347.96567431143,84789.82621871475,254.61677303326724,33.21084846928563
2020-04-13,82.0,fit,85489.0,4065.0,81424.0,90138.65896721641,0.8670741902315058,1.6728666005825998,5105.747461978482,85032.91150523793,243.08528652318637,32.46816618292949
2020-04-14,83.0,fit,85569.0,3982.0,81587.0,90139.46649331454,0.8075260981277097,1.5588817790025606,4874.479909687525,85264.98658362702,232.0750783890835,31.77462490637686
2020-04-15,84.0,fit,85668.0,3968.0,81700.0,90140.21940942021,0.7529161056736484,1.4542637805690584,4653.670132688606,85486.5492767316,221.56269310458447,31.126326799147954
2020-04-16,85.0,fit,85774.0,3982.0,81792.0,90140.92216429068,0.7027548704645596,1.358092740114049,4442.847169996152,85698.07499429453,211.5257175629231,30.519742969143177
2020-04-17,86.0,fit,86187.0,3100.0,83087.0,90141.57877357201,0.6566092813300202,1.2695534912585795,4241.561042638291,85900.01773093372,201.94273663919012,29.951672936670256
2020-04-18,87.0,fit,86258.0,3170.0,83088.0,90142.19286863046,0.6140950584522216,1.1879221875576547,4049.381848075796,86092.81102055467,192.79328962095315,29.41920918191047
2020-04-19,88.0,fit,86321.0,3233.0,83088.0,90142.76773931313,0.5748706826707348,1.1125547460563177,3865.898889234345,86276.86885007878,184.0578295241139,28.919705940756376
2020-04-20,89.0,fit,86382.0,3293.0,83089.0,90143.3063712793,0.5386319661629386,1.042876940148835,3690.7198380809746,86452.58653319832,175.7176831195393,28.450751780497633
2020-04-21,90.0,fit,86452.0,3360.0,83092.0,90143.81147871783,0.5051074385410175,0.9783758478460653,3523.4699328814677,86620.34154583636,167.75501263803744,28.010145434265755
2020-04-22,91.0,fit,86508.0,3415.0,83093.0,90144.28553312297,0.47405440513102803,0.9185924475923735,3363.791207767467,86780.4943253555,160.15277951913595,27.59587442937283
2020-04-23,92.0,fit,86548.0,3454.0,83094.0,90144.73078860645,0.44525548348610755,0.8631152079591612,3211.341754036179,86933.38903457027,152.89470921477186,27.20609618553947
2020-04-24,93.0,fit,86594.0,3499.0,83095.0,90145.14930420295,0.4185155964951264,0.8115745247404905,3065.7950123172113,87079.35429188574,145.96525731547445,26.839121272237406
2020-04-25,94.0,fit,86632.0,3536.0,83096.0,90145.54296360567,0.39365940271818545,0.7636378738569708,2926.839094091188,87218.70386951447,139.3495776287309,26.49339852043466
2020-04-26,95.0,fit,86661.0,3564.0,83097.0,90145.91349262872,0.3705290230573155,0.7190055866022556,2794.1761319129587,87351.73736071576,133.03349120129133,26.16750178461862
2020-04-27,96.0,fit,86692.0,3595.0,83097.0,90146.26247468192,0.3489820531976875,0.6774071627254462,2667.5216574161946,87478.74081726573,127.00345654996636,25.860118155288635
2020-04-28,97.0,fit,86754.0,3635.0,83119.0,90146.591364536,0.3288898540777154,0.6385980381249641,2546.6040056724823,87599.98735886351,121.24654159777856,25.570037425818857
2020-04-29,98.0,fit,86783.0,3612.0,83171.0,90146.90150056926,0.310136033265735,0.6023567517705137,2431.163745186354,87715.73775538291,115.7503965194046,25.29614267889406
2020-04-30,99.0,fit,86828.0,3608.0,83220.0,90147.19411567721,0.29261510794458445,0.5684824586226274,2320.953132670273,87826.24098300694,110.50322762402357,25.03740186411708
2020-05-01,100.0,fit,86850.0,3579.0,83271.0,90147.47034702463,0.27623134742316324,0.5367927381012294,2215.735591270901,87931.73475575373,105.49377274679136,24.792860237222293
2020-05-02,101.0,fit,86858.0,3574.0,83284.0,90147.7312447674,0.2608977427735226,0.5071216621168835,2115.2852115146275,88032.44603325278,100.71127749905281,24.561633570417285
2020-05-03,102.0,fit,86858.0,3475.0,83383.0,90147.9777798587,0.24653509129711892,0.4793180906756604,2019.38627421816,88128.59150564054,96.14547238775413,24.342902050581223
2020-05-04,103.0,fit,86858.0,3367.0,83491.0,90148.21085106049,0.2330712017865153,0.45324416206793383,1927.8327941258324,88220.37805693466,91.78655129412073,24.13590477739091
2020-05-05,104.0,fit,86858.0,3289.0,83569.0,90148.43129124335,0.2204401828639675,0.4287739554384533,1840.428083607039,88308.00320763631,87.62515070165682,23.93993480114906
2020-05-06,105.0,fit,86877.0,3249.0,83628.0,90148.63987305104,0.20858180768846069,0.4057923048534244,1756.9843357129919,88391.65553733805,83.65232970174111,23.754334644023945
2020-05-07,106.0,fit,86888.0,3210.0,83678.0,90148.83731401082,0.19744095977512188,0.38419374401252165,1677.3222254889458,88471.51508852188,79.85955118382117,23.57849224509331
2020-05-08,107.0,fit,86905.0,3210.0,83695.0,90149.02428114496,0.18696713414101396,0.3638815669239303,1601.270528927878,88547.75375221708,76.23866369519965,23.41183728804608
2020-05-09,108.0,fit,86934.0,3105.0,83829.0,90149.20139513543,0.17711399047402665,0.3447669912267264,1528.66575893836,88620.53563619708,72.78188398000202,23.25383787326171
2020-05-10,109.0,fit,86973.0,3103.0,83870.0,90149.36923409648,0.16783896104607265,0.32676841036155424,1459.3518173423433,88690.01741675414,69.48178055706376,23.103997493079227
2020-05-11,110.0,fit,86980.0,3078.0,83902.0,90149.52833699307,0.15910289659223054,0.3098107250077978,1393.1796623486462,88756.34867464443,66.33125789028418,22.961852281851264
2020-05-12,111.0,fit,87002.0,3076.0,83926.0,90149.67920674096,0.1508697478857357,0.2938247449320893,1330.006990901423,88819.67221583953,63.323541195102734,22.826968514051636
2020-05-13,112.0,fit,87016.0,3066.0,83950.0,90149.8223130266,0.1431062856427161,0.27874665206400234,1269.6979349076496,88880.12437811896,60.452162279427284,22.69894032125498
2020-05-14,113.0,fit,87032.0,3067.0,83965.0,90149.9580948842,0.1357818576070713,0.26451751689085956,1212.1227698332918,88937.83532505091,57.71094693195482,22.577387598832466
2020-05-15,114.0,fit,87052.0,3067.0,83985.0,90150.08696297741,0.12886809320480097,0.2510828758790065,1157.157643626177,88992.92931935123,55.09399430031772,22.461954146646832
2020-05-16,115.0,fit,87070.0,3072.0,83998.0,90150.20930179086,0.12233881345309783,0.2383923244569928,1104.6843056173516,89045.52499617351,52.59567682228226,22.352305884603066
2020-05-17,116.0,fit,87092.0,3081.0,84011.0,90150.32547155439,0.11616976352524944,0.22639917495816875,1054.5898554383118,89095.73561611607,50.21061994256161,22.248129270589214
2020-05-18,117.0,fit,87119.0,3104.0,84015.0,90150.43581001104,0.11033845665224362,0.21506014323276001,1006.7665024388684,89143.66930757217,47.93369145609904,22.149129845644396
2020-05-19,118.0,fit,87135.0,3119.0,84016.0,90150.54063404766,0.10482403662172146,0.20433505608626734,961.1113354912856,89189.42929855638,45.75999098421016,22.055030896171964
2020-05-20,119.0,fit,87151.0,3135.0,84016.0,90150.64024119344,0.09960714577755425,0.1941865933054471,917.5261011750262,89233.11414001841,43.68484146203264,21.96557221317764
2020-05-21,120.0,fit,87190.0,3174.0,84016.0,90150.73491097975,0.09466978631098755,0.1845800555103402,875.9169942041065,89274.81791677565,41.703776757232845,21.880508964660972
2020-05-22,121.0,fit,87235.0,3197.0,84038.0,90150.8249062174,0.08999523764941841,0.17548314641510823,836.1944531745423,89314.63045304286,39.812536267214455,21.79961063612572
2020-05-23,122.0,fit,87266.0,3225.0,84041.0,90150.91047409066,0.08556787326233461,0.1668657899852546,798.2729784261313,89352.63749566453,38.007042621669825,21.722660119300972
2020-05-24,123.0,fit,87313.0,3264.0,84049.0,90150.99184728849,0.08137319782690611,0.15869993953134967,762.0709382001078,89388.92090908838,36.283413423851016,21.649452771925606
2020-05-25,124.0,fit,87360.0,3302.0,84058.0,90151.06924494864,0.07739766014856286,0.15095942867202666,727.5103982600323,89423.55884668861,34.637937600229634,21.579795622633497
2020-05-26,125.0,fit,87390.0,3325.0,84065.0,90151.14287356244,0.07362861379806418,0.14361982645205898,694.5169540822792,89456.62591948015,33.06707279154216,21.51350661106248
2020-05-27,126.0,fit,87421.0,3346.0,84075.0,90151.21292781223,0.07005424979433883,0.13665829958791267,663.0195712893416,89488.19335652288,31.56743704272958,21.450413888118675
2020-05-28,127.0,fit,87444.0,3365.0,84079.0,90151.27959133299,0.0666635207599029,0.13005349449478296,632.9504343807006,89518.32915695228,30.13580042940157,21.39035517244762
2020-05-29,128.0,fit,87466.0,3376.0,84090.0,90151.34303745026,0.06344611727399752,0.12378542337838178,604.2447954471404,89547.09824200312,28.76908505083702,21.333177126299315
2020-05-30,129.0,fit,87475.0,3381.0,84094.0,90151.40342978905,0.060392338782548904,0.11783537082440262,576.8408452162934,89574.56258457275,27.46434256962675,21.278734840071913
2020-05-31,130.0,fit,87496.0,3399.0,84097.0,90151.46092289279,0.05749310374085326,0.11218580052738532,550.6795793880893,89600.7813435047,26.218758931951015,21.22689130663619
2020-06-01,131.0,fit,87520.0,3414.0,84106.0,90151.51566284003,0.05473994724161457,0.10682024886491777,525.7046629106181,89625.81099992941,25.029656424710993,21.17751691104925
2020-06-02,132.0,fit,87535.0,3427.0,84108.0,90151.56778784626,0.05212500623019878,0.10172325300812331,501.8622905211553,89649.7054973251,23.894497395696817,21.130488900678706
2020-06-03,133.0,fit,87538.0,3426.0,84112.0,90151.61742845076,0.049640604498563334,0.09688034060462392,479.1011286328909,89672.51629981787,22.810802492764196,21.085691208595485
2020-06-04,134.0,fit,87553.0,3430.0,84123.0,90151.66470826414,0.0472798133851029,0.09227787573778769,457.37215546827105,89694.29255279587,21.77625297800114,21.04301386007333
2020-06-05,135.0,fit,87561.0,3433.0,84128.0,90151.70974427139,0.045036007242742926,0.08790304598140752,436.62857290684997,89715.08117136454,20.788618568665697,21.00235268258797
2020-06-06,136.0,fit,87572.0,3440.0,84132.0,90151.75264724222,0.04290297083207406,0.08374379880683852,416.8257036935618,89734.92694354865,19.84577218411141,20.963608958923416
2020-06-07,137.0,fit,87581.0,3439.0,84142.0,90151.79352209896,0.04087485674244817,0.0797887857658119,397.9208962963576,89753.8726258026,18.94568225395051,20.926689115210944
2020-06-08,138.0,fit,87587.0,3435.0,84152.0,90151.83246827466,0.03894617570040282,0.07602731725918133,379.87342756193533,89771.95904071273,18.086414910125313,20.891504408027934
2020-06-09,139.0,fit,87610.0,3451.0,84159.0,90151.8695799934,0.037111718746018596,0.0724493268315601,362.6444244587606,89789.22515553464,17.266114821919473,20.857970679712295
2020-06-10,140.0,fit,87626.0,3462.0,84164.0,90151.90494659566,0.035366602256544866,0.06904532079573278,346.1967752129216,89805.70817138274,16.483015848090872,20.82600808351139
2020-06-11,141.0,fit,87636.0,3464.0,84172.0,90151.93865281479,0.03370621912472416,0.06580634107639836,330.49505004624757,89821.44360276854,15.735431385808624,20.795540844081852
2020-06-12,142.0,fit,87648.0,3468.0,84180.0,90151.97077903023,0.032126215446623974,0.06272393747485107,315.5054252144181,89836.46535381582,15.021751047272119,20.766497032228344
2020-06-13,143.0,fit,87713.0,3530.0,84183.0,90152.00140151546,0.03062248522473965,0.059790131498466535,301.1956102495373,89850.80579126593,14.340437450111494,20.738808352987476
2020-06-14,144.0,fit,87769.0,3579.0,84190.0,90152.03059266826,0.029191152803832665,0.05699738489395579,287.5347784983132,89864.49581416995,13.690022904018406,20.712409946792043
2020-06-15,145.0,fit,87830.0,3633.0,84197.0,90152.05842122102,0.02782855276018381,0.0543385761309972,274.4935008001863,89877.56492042083,13.069106250884943,20.687240202811076
2020-06-16,146.0,fit,87880.0,3679.0,84201.0,90152.08495244302,0.02653122199990321,0.05180697334267559,262.04368216748276,89890.04127027554,12.476349854710861,20.6632405836011
2020-06-17,147.0,fit,87921.0,3703.0,84218.0,90152.11024833126,0.025295888233813457,0.049396208398895886,250.15850133396424,89901.95174699729,11.910476721750456,20.640355460299826
2020-06-18,148.0,fit,87965.0,3741.0,84224.0,90152.13436778494,0.02411945367930457,0.04710025731944998,238.81235305429186,89913.32201473064,11.370267733349465,20.61853195770528
2020-06-19,149.0,fit,87971.0,3747.0,84224.0,90152.15736677109,0.022998986154561862,0.04491341970153156,227.98079320554805,89924.17657356555,10.854558834907948,20.597719809160115
2020-06-20,150.0,fit,88034.0,3791.0,84243.0,90152.17929848611,0.0219317150185816,0.04283029771082251,217.64048528334152,89934.53881320277,10.362239637222956,20.577871216134504
2020-06-21,151.0,fit,88057.0,3812.0,84245.0,90152.20021349876,0.02091501264658291,0.040845778015207,207.7691514050598,89944.4310620937,9.892248890930205,20.558940723181532
2020-06-22,152.0,fit,88115.0,3858.0,84257.0,90152.22015988846,0.019946389700635336,0.03895501760788427,198.345523739682,89953.87463614877,9.443574055068893,20.54088509389191
2020-06-23,153.0,fit,88150.0,3884.0,84266.0,90152.23918337663,0.01902348817384336,0.037153427667939005,189.3492986115139,89962.88988476511,9.015248616342433,20.523663195650194
2020-06-24,154.0,fit,88172.0,3899.0,84273.0,90152.25732745056,0.01814407392521389,0.03543665752966397,180.76109297801727,89971.49623447254,8.606349707421032,20.50723589186788
2020-06-25,155.0,fit,88201.0,3917.0,84284.0,90152.27463347983,0.017306029272731394,0.03380057993966615,172.56240287587218,89979.71223060395,8.215996131417342,20.491565940178123
2020-06-26,156.0,fit,88229.0,3937.0,84292.0,90152.29114082461,0.016507344786077738,0.03224128047174283,164.73556326352386,89987.55557756108,7.843346957131871,20.47661789485813
2020-06-27,157.0,fit,88258.0,3955.0,84303.0,90152.30688693727,0.01574611265095882,0.030755046880874073,157.26371003746993,89995.0431768998,7.4875993387104245,20.462358015790052
2020-06-28,158.0,fit,88277.0,3955.0,84322.0,90152.32190746084,0.01502052356954664,0.029338356128442218,150.13074396850976,90002.19116349233,7.147986592535744,20.448754182979723
2020-06-29,159.0,fit,88305.0,3973.0,84332.0,90152.33623632477,0.014328863937407732,0.027987862963605704,143.32129509216912,90009.0149412326,6.8237777402682696,20.435775812213297
2020-06-30,160.0,fit,88311.0,3966.0,84345.0,90152.34990582577,0.013669501000549644,0.026700389559768188,136.82069182847658,90015.5292139973,6.514272764703492,20.423393784607725
2020-07-01,161.0,fit,88344.0,3981.0,84363.0,90152.36294671439,0.013040888617979363,0.025472918439072234,130.61492718474835,90021.74801952964,6.2188055323349545,20.4115803671229
2020-07-02,162.0,fit,88360.0,3982.0,84378.0,90152.37538826822,0.012441553830285557,0.024302585784486408,124.69062934972932,90027.68475891849,5.9367393888533115,20.400309145926038
2020-07-03,163.0,fit,88372.0,3979.0,84393.0,90152.38725836924,0.011870101021486335,0.023186670221498135,119.03503276021173,90033.35222560904,5.667466690545552,20.389554960467304
2020-07-04,164.0,fit,88395.0,3976.0,84419.0,90152.3985835716,0.011325202358420938,0.022122585732901594,113.63595089803218,90038.76263267356,5.410407064526225,20.379293842611926
2020-07-05,165.0,fit,88415.0,3984.0,84431.0,90152.4093891736,0.010805601996253245,0.0211078690339314,108.48174983871836,90043.92763933488,5.165006661321968,20.369502957300753
2020-07-06,166.0,fit,88444.0,4006.0,84438.0,90152.41969927443,0.010310100828064606,0.02014017804772191,103.56132331756925,90048.85837595686,4.9307366219727555,20.36016054746791
2020-07-07,167.0,fit,88485.0,4018.0,84467.0,90152.42953682605,0.009837551624514163,0.019217292885945456,98.86406867013982,90053.56546815591,4.707092199052568,20.351245880988593
2020-07-08,168.0,fit,88524.0,4009.0,84515.0,90152.4389236945,0.009386868448927999,0.018337104375620115,94.37986411422128,90058.05905958028,4.493591424368788,20.342739201055167
2020-07-09,169.0,fit,88571.0,4056.0,84515.0,90152.44788071401,0.008957019512308761,0.017497607279418424,90.09904687002646,90062.34883384398,4.289774263699655,20.334621678648066
2020-07-10,170.0,fit,88612.0,4097.0,84515.0,90152.4564277591,0.00854704508674331,0.016696873243431422,86.01239238070961,90066.44403537839,4.095201534408261,20.326875367592052
2020-07-11,171.0,fit,88657.0,4068.0,84589.0,90152.46458374635,0.008155987248755991,0.015933091516010533,82.11109442846406,90070.35348931789,3.9094539395009633,20.319483162061527
2020-07-12,172.0,fit,88708.0,4088.0,84620.0,90152.47236671881,0.007782972461427562,0.015204525129848852,78.38674616308577,90074.08562055572,3.732131237833528,20.312428755993952
2020-07-13,173.0,fit,88766.0,4146.0,84620.0,90152.4797938663,0.0074271474877605215,0.01450952882975145,74.83132202607403,90077.64847184022,3.5628512844996294,20.305696604806716
2020-07-14,174.0,fit,88828.0,4147.0,84681.0,90152.48688158023,0.007087713936925866,0.013846531236350873,71.43716026636174,90081.04972131387,3.4012494736525696,20.299271888466
2020-07-15,175.0,fit,88852.0,4133.0,84719.0,90152.49364548307,0.006763902842067182,0.013214039219424144,68.19694680710934,90084.29669867597,3.246977362097823,20.293140477632022
2020-07-16,176.0,fit,88935.0,4181.0,84754.0,90152.50010046805,0.006454984977608547,0.012610631396230762,65.10369936350935,90087.39640110455,3.099702428575256,20.28728890047164
2020-07-17,177.0,fit,89015.0,4235.0,84780.0,90152.50626073658,0.006160268530948088,0.012034952381152217,62.150752211728054,90090.35550852485,2.959107420305372,20.281704310968674
2020-07-18,178.0,fit,89109.0,4299.0,84810.0,90152.5121398278,0.0058790912153199315,0.011485712722178194,59.331741934012285,90093.18039789378,2.8248893689305987,20.276374459418683
2020-07-19,179.0,fit,89280.0,4425.0,84855.0,90152.51775065174,0.005610823936876841,0.010961684070478317,56.640593691208046,90095.87715696053,2.6967590667482,20.2712876641233
2020-07-20,180.0,forecast,,,,90152.52310551917,0.005354867433197796,0.010461696164639874,54.07150816541122,90098.45159735376,2.5744403932330897,20.26643278457845
2020-07-21,181.0,forecast,,,,90152.52821616952,0.0051106503524351865,0.009984634459385041,51.61894907782166,90100.9092670917,2.4576697379379766,20.261799195943404
2020-07-22,182.0,forecast,,,,90152.53309379838,0.004877628860413097,0.009529437001543701,49.27763116803242,90103.25546263035,2.346195538644679,20.25737676454443
2020-07-23,183.0,forecast,,,,90152.53774908335,0.004655284967157058,0.00909509193655976,47.0425087481053,90105.49524033525,2.2397777049045544,20.253155824636256
2020-07-24,184.0,forecast,,,,90152.54219220445,0.004443121099029668,0.008680635478288068,44.90876660067405,90107.63342560378,2.1381852685299236,20.249127159980972
2020-07-25,185.0,forecast,,,,90152.54643287792,0.004240673471940681,0.008285148467608937,42.87180496901622,90109.6746279089,2.041202305117622,20.24528197352802
2020-07-26,186.0,forecast,,,,90152.55048036813,0.004047490205266513,0.007907755298228852,40.927234090989835,90111.62324627713,1.9486183682311093,20.241611876492954
2020-07-27,187.0,forecast,,,,90152.55434350984,0.003863141711917706,0.0075476217068350115,39.07086421839468,90113.48347929145,1.86023301431851,20.238108868355933
2020-07-28,188.0,forecast,,,,90152.5580307333,0.0036872234632028267,0.007203952142744275,37.298694451083755,90115.25933628222,1.7758569907746278,20.234765314455032
2020-07-29,189.0,forecast,,,,90152.56155007932,0.003519346020766534,0.006875988253711082,35.60690585392759,90116.95464422539,1.6953079431696096,20.2315739323353
2020-07-30,190.0,forecast,,,,90152.5649092185,0.003359139183885418,0.006563007298474585,33.99185258857693,90118.57305662993,1.6184124045394128,20.228527774086448
2020-07-31,191.0,forecast,,,,90152.56811546869,0.0032062501850305125,0.0062643202084232364,32.45005417965476,90120.11806128903,1.5450046590995044,20.22562021101037
2020-08-01,192.0,forecast,,,,90152.5711758112,0.003060342511162162,0.005979269901935322,30.978188025803288,90121.59298778539,1.4749264963611495,20.222844918801997
2020-08-02,193.0,forecast,,,,90152.57409690622,0.002921095016063191,0.0057072299232309035,29.57308240234899,90123.00101450387,1.4080267184763215,20.22019586375158
